[OC] The end of my journey - me and my sister reunited with our father.	pics	0	0.98	public	12150	False	12150	1646079428.0	False	False	t3osvy	False	hot	2022-02-28 21:07:43
"What parenting ""trend"" you strongly disagree with?"	AskReddit	0	0.9	public	23305	False	23305	1646049906.0	False	False	t3e2ub	False	hot	2022-02-28 21:07:43
GIVEAWAY: I'm giving away a Lost Ark Vanquisher Starter Pack on Steam ($64.99) to one comment in this thread.	lostarkgame	0	0.88	public	1051	False	1051	1646064883.0	False	False	t3j6ke	False	hot	2022-02-28 21:07:43
Ukraine credits Turkish drones with eviscerating Russian tanks and armor in their first use in a major conflict	worldnews	0	0.97	public	30642	False	30642	1646069012.0	False	False	t3kqjx	False	hot	2022-02-28 21:07:43
"Ukrainian ambassador to the UN pretty much tells Putin to kill himself: ""If he wants to kill himself, he doesn't need to use nuclear arsenal. He has to do what the guy in Berlin did in a bunker in May 1945"""	interestingasfuck	0	0.88	public	158229	False	158229	1646064452.0	False	False	t3j0tu	True	hot	2022-02-28 21:07:43
What game have you played solely for the gameplay, and didn't really care for the story?	gaming	0	0.9	public	11874	False	11874	1646070460.0	False	False	t3laju	False	hot	2022-02-28 21:07:43
Ukrainian president signs formal request to join EU	news	0	0.97	public	28222	False	28222	1646068326.0	False	False	t3kh2m	False	hot	2022-02-28 21:07:43
Russian invaders shooting civilians. Father was shot in front of his son's eyes. Ivankiv, Kyiv region.	PublicFreakout	0	0.93	public	50256	False	50256	1646059656.0	True	True	t3h9gu	True	hot	2022-02-28 21:07:43
107-year-old mother gives her 84-year-old daughter candy.	aww	0	0.94	public	35813	False	35813	1646068986.0	False	False	t3kq6s	True	hot	2022-02-28 21:07:43
[Giveaway] Hey r/witcher I promised you a giveaway of the Wolf Medallions I made, here they are, and I will draw 3 lucky people from random comments that will receive them in 24 hours, Bless you all!	witcher	0	0.94	public	2967	False	2967	1646048346.0	False	False	t3dmq9	False	hot	2022-02-28 21:07:43
How to succeed in a money chamber	nextfuckinglevel	0	0.92	public	73934	False	73934	1646067668.0	False	False	t3k7u7	True	hot	2022-02-28 21:07:43
Ran into the guy who ran into Alonso while walking his cat while i was walking at the place where the guy walking his cat met Alonso	formula1	0	0.95	public	11924	False	11924	1646073847.0	False	False	t3mmi4	False	hot	2022-02-28 21:07:43
Sen. Leahy: Putin has miscalculated the United States because “he was able to lead Donald Trump around like a puppy dog”	politics	0	0.81	public	56975	False	56975	1646058216.0	False	False	t3gr68	False	hot	2022-02-28 21:07:43
Ukraine applies to join the European Union!	MadeMeSmile	0	0.89	public	124301	False	124301	1646066367.0	False	False	t3jq0a	False	hot	2022-02-28 21:07:43
Biden Administration Expands Sanctions Against Russia, Cutting Off U.S. Transactions With Central Bank	news	0	0.95	public	65376	False	65376	1646054609.0	False	False	t3fiyq	False	hot	2022-02-28 21:07:43
Alcohol	funny	0	0.82	public	35211	False	35211	1646062914.0	False	False	t3ifqx	False	hot	2022-02-28 21:07:43
Germany to produce 100% green energy by 2035 instead of 2050 thanks to Putin	wallstreetbets	0	0.94	public	26084	False	26084	1646064326.0	False	False	t3iz17	False	hot	2022-02-28 21:07:43
"New statement of the President of Ukraine: ""When I ran for presidency, I said that each of us is the President. Because we are all responsible for our state. For our beautiful Ukraine. And now it turns out that each of us is a warrior"""	nextfuckinglevel	0	0.89	public	127398	False	127398	1646046123.0	False	False	t3d2ey	True	hot	2022-02-28 21:07:43
"The way a coworker ""decorated"" the lockers at work (!)"	Cringetopia	0	0.93	public	27267	False	27267	1646047837.0	True	False	t3di0g	False	hot	2022-02-28 21:07:43
In Finland and Sweden possible NATO membership campaign gathers momentum	europe	0	0.95	public	42386	False	42386	1646036172.0	False	False	t3ap3q	False	hot	2022-02-28 21:07:43
Please, a reminder not to target Russian Americans making a living or even just Russian citizens :(	awfuleverything	0	0.93	public	32925	False	32925	1646042194.0	False	False	t3c4au	False	hot	2022-02-28 21:07:43
"Sat down on my friend's MacBook and broke it, offered to pay her the money for it but now she wants more because ""she was upgrading anyway"" so it's this or she will sue me in small claims court."	BestofRedditorUpdates	0	0.96	public	31245	False	31245	1646063045.0	False	False	t3ihkg	False	hot	2022-02-28 21:07:43
Harassed and arrested for organizing	antiwork	0	0.96	public	23361	False	23361	1646063193.0	False	False	t3ijn9	False	hot	2022-02-28 21:07:43
Germany will accelerate its switch to 100% renewable energy in response to Russian crisis - the new date to be 100% renewable is 2035.	Futurology	0	0.94	public	60472	False	60472	1646046768.0	False	False	t3d8jp	False	hot	2022-02-28 21:07:43
Banned from Swift	ProgrammerHumor	0	0.95	public	35984	False	35984	1646062843.0	False	False	t3iesi	False	hot	2022-02-28 21:07:43
Updates from President Zelenskiy. [With English subtitles]	Damnthatsinteresting	0	0.91	public	57251	False	57251	1646048817.0	False	False	t3drbx	True	hot	2022-02-28 21:07:43
Ketchup Critics	ChoosingBeggars	0	0.94	public	65820	False	65820	1646016510.0	False	False	t34xie	False	hot	2022-02-28 21:07:43
Trump, Who Wanted to Withdraw the U.S. from NATO, Now Claims Credit for Its Existence	politics	0	0.94	public	15247	False	15247	1646065335.0	False	False	t3jcmr	False	hot	2022-02-28 21:07:43
What do men think of the new(ish) trend of women ditching the hair dye and growing out their silver/grey hair? Since many people (men and women) start going grey in their 20's/30's, is it good that society is starting to normalise this? Would you encourage/support your partner in doing this?	AskMen	0	0.89	public	8062	False	8062	1646043236.0	False	False	t3cded	False	hot	2022-02-28 21:07:43
Russia moment	WhitePeopleTwitter	0	0.93	public	99287	False	99287	1646044388.0	False	False	t3cn7h	False	hot	2022-02-28 21:07:43
Russian soldiers surrendering to Ukraine will receive 5 million rubles worth of crypto	CryptoCurrency	0	0.9	public	26312	False	26312	1646029975.0	False	False	t391pz	False	hot	2022-02-28 21:07:43
Yes, Ukrainian President Volodymyr Zelensky Did Voice Paddington, StudioCanal Confirms	movies	0	0.89	public	74777	False	74777	1646045675.0	False	False	t3cy47	False	hot	2022-02-28 21:07:43
Ukrainian woman teaches her people how to operate an abandoned Russian tank on TikTok	Damnthatsinteresting	0	0.76	public	30770	False	30770	1646067237.0	False	False	t3k1r4	True	hot	2022-02-28 21:07:43
My local Thai restaurant dyed their sticky rice blue in support of Ukraine.	mildlyinteresting	0	0.94	public	23835	True	23835	1646063281.0	False	False	t3iksr	False	hot	2022-02-28 21:07:43
Wife caught me cheating	TrueOffMyChest	0	0.66	public	10180	False	10180	1646065152.0	False	False	t3ja7i	False	hot	2022-02-28 21:07:43
Climate change causing widespread and irreversible impacts, says IPCC	science	0	0.87	public	34143	False	34143	1646046684.0	False	False	t3d7sm	False	hot	2022-02-28 21:07:43
Crowd turns on LeBron James as Los Angeles Lakers suffer embarrassing defeat	nba	0	0.96	public	7239	False	7239	1646053874.0	False	False	t3fajz	False	hot	2022-02-28 21:07:43
Jinx has had a winrate of ~51% with a pickrate of ~30% for at least 7 patches in a row now. Am I missing something?	leagueoflegends	0	0.84	public	3572	False	3572	1646050421.0	False	False	t3e8dp	False	hot	2022-02-28 21:07:43
2011, 2012, 2013, 2014, 2015, 2016, 2017, 2018, 2019, 2020, 2021, 2022	shitposting	0	0.97	public	12470	False	12470	1646075350.0	False	False	t3n7eq	False	hot	2022-02-28 21:07:43
Fuecoco : The End of Zodiac Theory	pokemon	0	0.95	public	17023	True	17023	1646060042.0	False	False	t3heo0	False	hot	2022-02-28 21:07:43
my incel coworker ranting to me about women on dating apps ghosting him. gee, i wonder why!	sadcringe	0	0.91	public	32613	False	32613	1646031476.0	False	False	t39g7j	False	hot	2022-02-28 21:07:43
Zelensky tells Russian troops not to trust their commanders or Kremlin propaganda: 'Just save your lives. Leave.'	worldnews	0	0.96	public	60085	False	60085	1646067068.0	False	False	t3jzfh	False	hot	2022-02-28 21:07:43
90s babies, are you okay?	memes	0	0.95	public	24622	False	24622	1646065557.0	False	False	t3jfkh	False	hot	2022-02-28 21:07:43
Should I ask my adult kid to move out?	AskUK	0	0.92	public	4533	False	4533	1646033536.0	False	False	t39zjo	False	hot	2022-02-28 21:07:43
Oh shit, this tastes amazing, one more please!	Unexpected	0	0.92	public	19342	False	19342	1646065282.0	False	False	t3jbwz	True	hot	2022-02-28 21:07:43
Ukraine Creates IT Army of Volunteer Hackers and Orders Cyber Attacks on Russian Websites	tech	0	0.97	public	16959	False	16959	1646062623.0	False	False	t3ibu1	False	hot	2022-02-28 21:07:43
Drive to Survive Season 4 Official Trailer	formula1	0	0.94	public	7991	False	7991	1646042456.0	False	False	t3c6tu	False	hot	2022-02-28 21:07:43
[Pekka Jalonen] BREAKING: Inside information: #Russia and #Belarus will be thrown out of the International Ice Hockey Federation #IIHF in a couple of hours.	sports	0	0.98	public	14809	False	14809	1646062533.0	False	False	t3iap2	False	hot	2022-02-28 21:07:43
"Dr. Trimbath questioned: ""What are your thoughts on Citadel's financial statement released today? $65b of securities sold but not yet purchased?"" Answer: ""They were allowed to take your money and give you nothing."""	Superstonk	0	0.97	public	9151	False	9151	1646069953.0	False	False	t3l3fd	False	hot	2022-02-28 21:07:43
Kiara is out there in Clip Videos doing damage control from her thoughts over the EN Off Collab	Hololive	0	0.91	public	9913	False	9913	1646047090.0	False	False	t3dbd3	False	hot	2022-02-28 21:07:43
